DBN,school_name,math_score,reading_score,writing_score
01M292,HENRY STREET SCHOOL FOR INTERNATIONAL STUDIES,404,355,363
01M448,UNIVERSITY NEIGHBORHOOD HIGH SCHOOL,423,383,366
01M450,EAST SIDE COMMUNITY SCHOOL,402,377,370
01M458,FORSYTH SATELLITE ACADEMY,401,414,359
01M509,MARTA VALLE HIGH SCHOOL,433,390,384
01M515,LOWER EAST SIDE PREPARATORY HIGH SCHOOL,557,332,316
01M539,"NEW EXPLORATIONS INTO SCIENCE, TECHNOLOGY AND MATH HIGH SCHOOL",574,522,525
01M650,CASCADES HIGH SCHOOL,418,417,411
01M696,BARD HIGH SCHOOL EARLY COLLEGE,604,624,628
02M047,47 THE AMERICAN SIGN LANGUAGE AND ENGLISH SECONDARY SCHOOL,400,395,387
02M288,FOOD AND FINANCE HIGH SCHOOL,393,409,392
02M294,ESSEX STREET ACADEMY,384,394,378
02M296,HIGH SCHOOL OF HOSPITALITY MANAGEMENT,375,374,362
02M298,PACE HIGH SCHOOL,438,423,432
02M300,"URBAN ASSEMBLY SCHOOL OF DESIGN AND CONSTRUCTION, THE",449,404,416
02M303,"FACING HISTORY SCHOOL, THE",358,353,340
02M305,"URBAN ASSEMBLY ACADEMY OF GOVERNMENT AND LAW, THE",388,375,385
02M308,LOWER MANHATTAN ARTS ACADEMY,392,403,405
02M313,"JAMES BALDWIN SCHOOL, THE: A SCHOOL FOR EXPEDITIONARY LEARNING",390,408,390
02M316,"URBAN ASSEMBLY SCHOOL OF BUSINESS FOR YOUNG WOMEN, THE",370,373,384
02M374,GRAMERCY ARTS HIGH SCHOOL,391,391,394
02M376,NYC ISCHOOL,483,473,479
02M376,NYC ISCHOOL,483,473,479
02M392,MANHATTAN BUSINESS ACADEMY,s,s,s
02M393,BUSINESS OF SPORTS SCHOOL,s,s,s
02M394,EMMA LAZARUS HIGH SCHOOL,512,319,357
02M399,THE HIGH SCHOOL FOR LANGUAGE AND DIPLOMACY,s,s,s
02M400,HIGH SCHOOL FOR ENVIRONMENTAL STUDIES,493,465,461
02M407,INSTITUTE FOR COLLABORATIVE EDUCATION,465,492,467
02M408,PROFESSIONAL PERFORMING ARTS HIGH SCHOOL,490,509,523
02M411,BARUCH COLLEGE CAMPUS HIGH SCHOOL,563,496,518
02M412,N.Y.C. LAB SCHOOL FOR COLLABORATIVE STUDIES,590,537,550
02M413,SCHOOL OF THE FUTURE HIGH SCHOOL,533,517,515
02M414,N.Y.C. MUSEUM SCHOOL,492,468,459
02M416,ELEANOR ROOSEVELT HIGH SCHOOL,594,572,592
02M418,MILLENNIUM HIGH SCHOOL,553,528,533
02M419,LANDMARK HIGH SCHOOL,399,390,381
02M420,HIGH SCHOOL FOR HEALTH PROFESSIONS AND HUMAN SERVICES,449,429,428
02M425,LEADERSHIP AND PUBLIC SERVICE HIGH SCHOOL,426,416,391
02M427,MANHATTAN ACADEMY FOR ARTS & LANGUAGE,s,s,s
02M429,LEGACY SCHOOL FOR INTEGRATED STUDIES,357,356,349
02M437,HUDSON HIGH SCHOOL OF LEARNING TECHNOLOGIES,s,s,s
02M438,INTERNATIONAL HIGH SCHOOL AT UNION SQUARE,s,s,s
02M439,MANHATTAN VILLAGE ACADEMY,473,441,458
02M440,BAYARD RUSTIN EDUCATIONAL COMPLEX,365,378,368
02M449,VANGUARD HIGH SCHOOL,416,395,388
02M459,MANHATTAN INTERNATIONAL HIGH SCHOOL,460,376,391
02M460,WASHINGTON IRVING HIGH SCHOOL,387,373,360
02M473,WASHINGTON IRVING YABC,s,s,s
02M475,STUYVESANT HIGH SCHOOL,7735,679,682
02M489,HIGH SCHOOL OF ECONOMICS AND FINANCE,489,443,442
02M500,UNITY CENTER FOR URBAN TECHNOLOGIES,34,37,35
02M519,TALENT UNLIMITED HIGH SCHOOL,472,469,475
02M520,MURRY BERGTRAUM HIGH SCHOOL FOR BUSINESS CAREERS,440,407,393
02M529,JACQUELINE KENNEDY ONASSIS HIGH SCHOOL,425,414,400
02M531,REPERTORY COMPANY HIGH SCHOOL FOR THEATRE ARTS,404,429,420
02M542,MANHATTAN BRIDGES HIGH SCHOOL,378,336,344
02M543,NEW DESIGN HIGH SCHOOL,395,391,382
02M544,INDEPENDENCE HIGH SCHOOL,371,389,335
02M545,HIGH SCHOOL FOR DUAL LANGUAGE AND ASIAN STUDIES,581,412,431
02M550,LIBERTY HIGH SCHOOL ACADEMY FOR NEWCOMERS,436,368,352
02M551,THE URBAN ASSEMBLY NEW YORK HARBOR SCHOOL,423,405,384
02M560,HIGH SCHOOL M560 s CITY AS SCHOOL,440,498,477
02M565,URBAN ACADEMY LABORATORY HIGH SCHOOL,508,527,512
02M570,SATELLITE ACADEMY HIGH SCHOOL,337,350,345
02M575,MANHATTAN COMPREHENSIVE NIGHT AND DAY HIGH SCHOOL,517,345,343
02M580,RICHARD R. GREEN HIGH SCHOOL OF TEACHING,384,408,4030
02M586,HARVEY MILK HIGH SCHOOL,416,458,429
02M600,THE HIGH SCHOOL OF FASHION INDUSTRIES,423,423,411
02M605,HUMANITIES PREPARATORY ACADEMY,403,426,426
02M615,CHELSEA CAREER AND TECHNICAL EDUCATION HIGH SCHOOL,418,399,390
02M620,NORMAN THOMAS HIGH SCHOOL,379,370,359
02M625,HIGH SCHOOL OF GRAPHIC COMMUNICATION ARTS,382,395,376
02M630,ART AND DESIGN HIGH SCHOOL,441,444,430
02M655,LIFE SCIENCES SECONDARY SCHOOL,424,409,403
03M283,MANHATTAN THEATRE LAB HIGH SCHOOL,379,406,408
03M299,"HIGH SCHOOL FOR ARTS, IMAGINATION AND INQUIRY",384,374,374
03M307,"URBAN ASSEMBLY SCHOOL FOR MEDIA STUDIES, THE",390,384,370
03M402,THE URBAN ASSEMBLY SCHOOL FOR GREEN CAREERS,s,s,s
03M403,THE GLOBAL LEARNING COLLABORATIVE,s,s,s
03M404,INNOVATION DIPLOMA PLUS,403,416,381
03M415,WADLEIGH SECONDARY SCHOOL FOR THE PERFORMING & VISUAL ARTS,368,371,370
03M417,FRANK MCCOURT HIGH SCHOOL,s,s,s
03M470,LOUIS D. BRANDEIS HIGH SCHOOL,39,37,35
03M479,BEACON HIGH SCHOOL,575,577,592
03M485,FIORELLO H. LAGUARDIA HIGH SCHOOL OF MUSIC & ART AND PERFORMING ARTS,564,566,577
03M492,"HIGH SCHOOL FOR LAW, ADVOCACY AND COMMUNITY JUSTICE",398,396,402
03M494,HIGH SCHOOL OF ARTS AND TECHNOLOGY,433,433,411
03M505,EDWARD A. REYNOLDS WEST SIDE HIGH SCHOOL,369,401,351
03M541,MANHATTAN / HUNTER SCIENCE HIGH SCHOOL,506,473,467
03M577,YOUNG ADULT BOROUGH CENTER AT LOUIS D. BRANDEIS HS,s,s,s
03M860,FREDERICK DOUGLASS ACADEMY II SECONDARY SCHOOL,379,356,361
04M409,COALITION SCHOOL FOR SOCIAL CHANGE,357,354,373
04M435,MANHATTAN CENTER FOR SCIENCE AND MATHEMATICS,514,461,455
04M495,PARK EAST HIGH SCHOOL,379,373,376
04M555,CENTRAL PARK EAST HIGH SCHOOL,421,405,395
04M610,YOUNG WOMEN'S LEADERSHIP SCHOOL,446,432,448
04M635,ACADEMY OF ENVIRONMENTAL SCIENCE SECONDARY HIGH SCHOOL,369,369,357
04M680,"HERITAGE SCHOOL, THE",351,358,345
05M285,HARLEM RENAISSANCE HIGH SCHOOL,318,357,333
05M304,MOTT HALL HIGH SCHOOL,399,413,398
05M362,"COLUMBIA SECONDARY SCHOOL FOR MATH, SCIENCE, AND ENGINEERING",s,s,s
05M367,ACADEMY FOR SOCIAL ACTION: A COLLEGE BOARD SCHOOL,366,354,342
05M369,URBAN ASSEMBLY SCHOOL FOR THE PERFORMING ARTS,353,360,364
05M469,CHOIR ACADEMY OF HARLEM,360,354,385
05M499,FREDERICK DOUGLASS ACADEMY,474,458,442
05M670,THURGOOD MARSHALL ACADEMY FOR LEARNING AND SOCIAL CHANGE,402,396,404
05M685,BREAD & ROSES INTEGRATED ARTS HIGH SCHOOL,361,369,355
05M692,"HIGH SCHOOL FOR MATHEMATICS, SCIENCE AND ENGINEERING AT CITY COLLEGE",654,605,588
06M293,CITY COLLEGE ACADEMY OF THE ARTS,446,408,416
06M346,COMMUNITY HEALTH ACADEMY OF THE HEIGHTS,376,362,367
06M348,WASHINGTON HEIGHTS EXPEDITIONARY LEARNING SCHOOL,395,380,399
06M423,HIGH SCHOOL FOR EXCELLENCE AND INNOVATION,s,s,s
06M457,GEORGE WASHINGTON YABC,357,394,346
06M462,HIGH SCHOOL FOR INTERNATIONAL BUSINESS AND FINANCE,384,365,378
06M463,HIGH SCHOOL FOR MEDIA AND COMMUNICATIONS,380,369,349
06M467,HIGH SCHOOL FOR LAW AND PUBLIC SERVICE,378,363,361
06M468,HIGH SCHOOL FOR HEALTH CAREERS AND SCIENCES,422,400,402
06M540,A. PHILIP RANDOLPH CAMPUS HIGH SCHOOL,456,430,423
06M552,GREGORIO LUPERON HIGH SCHOOL FOR SCIENCE AND MATHEMATICS,349,339,326
07X221,SOUTH BRONX PREPARATORY: A COLLEGE BOARD SCHOOL,378,364,348
07X321,CROTONA ACADEMY HIGH SCHOOL,364,379,382
07X334,INTERNATIONAL COMMUNITY HIGH SCHOOL,324,310,311
07X379,JILL CHAIFETZ TRANSFER HIGH SCHOOL,s,s,s
07X381,BRONX HAVEN HIGH SCHOOL,s,s,s
07X427,COMMUNITY SCHOOL FOR SOCIAL JUSTICE,359,361,357
07X473,MOTT HAVEN VILLAGE PREPARATORY HIGH SCHOOL,375,351,371
07X495,UNIVERSITY HEIGHTS SECONDARY SCHOOL,394,403,404
07X500,HOSTOSsLINCOLN ACADEMY OF SCIENCE,426,420,411
07X520,FOREIGN LANGUAGE ACADEMY OF GLOBAL STUDIES,396,399,391
07X527,BRONX LEADERSHIP ACADEMY II HIGH SCHOOL,378,362,363
07X547,NEW EXPLORERS HIGH SCHOOL,356,367,361
07X548,URBAN ASSEMBLY SCHOOL FOR CAREERS IN SPORTS,411,387,383
07X551,BRONX ACADEMY OF LETTERS,381,413,407
07X600,ALFRED E. SMITH CAREER AND TECHNICAL EDUCATION HIGH SCHOOL,400,394,364
07X655,SAMUEL GOMPERS CAREER AND TECHNICAL EDUCATION HIGH SCHOOL,416,398,370
07X670,HEALTH OPPORTUNITIES HIGH SCHOOL,368,363,364
08X269,BRONX STUDIO SCHOOL FOR WRITERS AND ARTISTS,s,s,s
08X282,WOMEN'S ACADEMY OF EXCELLENCE,386,407,378
08X293,RENAISSANCE HIGH SCHOOL FOR MUSICAL THEATER & TECHNOLOGY,385,384,389
08X295,GATEWAY SCHOOL FOR ENVIRONMENTAL RESEARCH AND TECHNOLOGY,390,416,394
08X305,PABLO NERUDA ACADEMY FOR ARCHITECTURE AND WORLD STUDIES,361,337,340
08X312,MILLENNIUM ART ACADEMY,402,387,375
08X332,HOLCOMBE L. RUCKER SCHOOL OF COMMUNITY RESEARCH,371,363,350
08X367,"ARCHIMEDES ACADEMY FOR MATH, SCIENCE AND TECHNOLOGY APPLICATIONS",s,s,s
08X376,"ANTONIA PANTOJA PREPARATORY ACADEMY, A COLLEGE BOARD SCHOOL",s,s,s
08X377,BRONX COMMUNITY HIGH SCHOOL,969,367,376
08X405,HERBERT H. LEHMAN HIGH SCHOOL,436,412,393
08X408,HERBERT H. LEHMAN YABC,373,402,413
08X432,BRONX BRIDGES HIGH SCHOOL,s,s,s
08X452,BRONX GUILD,371,369,365
08X507,STEVENSON YABC,s,s,s
08X519,"FELISA RINCON DE GAUTIER INSTITUTE FOR LAW AND PUBLIC POLICY, THE",370,373,356
08X530,BANANA KELLY HIGH SCHOOL,381,373,377
08X537,BRONX ARENA HIGH SCHOOL,s,s,s
08X540,SCHOOL FOR COMMUNITY RESEARCH AND LEARNING,400,366,368
08X560,HIGH SCHOOL X560 s BRONX ACADEMY HIGH SCHOOL,368,404,399
08X650,JANE ADDAMS HIGH SCHOOL FOR ACADEMIC CAREERS,359,377,376
09X227,BRONX EXPEDITIONARY LEARNING HIGH SCHOOL,376,324,349
09X231,EAGLE ACADEMY FOR YOUNG MEN,387,373,374
09X239,"URBAN ASSEMBLY ACADEMY FOR HISTORY AND CITIZENSHIP FOR YOUNG MEN, THE",355,372,357
09X241,"URBAN ASSEMBLY SCHOOL FOR APPLIED MATH AND SCIENCE, THE",464,411,415
09X250,EXIMIUS COLLEGE PREPARATORY ACADEMY: A COLLEGE BOARD SCHOOL,394,393,382
09X252,MOTT HALL BRONX HIGH SCHOOL,367,369,356
09X260,BRONX CENTER FOR SCIENCE AND MATHEMATICS,480,459,457
09X263,VALIDUS PREPARATORY ACADEMY: AN EXPEDITIONARY LEARNING SCHOOL,363,356,356
09X276,LEADERSHIP INSTITUTE,353,361,367
09X297,MORRIS ACADEMY FOR COLLABORATIVE STUDIES,386,386,376
09X324,BRONX EARLY COLLEGE ACADEMY FOR TEACHING & LEARNING,s,s,s
09X329,DREAMYARD PREPARATORY SCHOOL,365,382,391
09X365,ACADEMY FOR LANGUAGE AND TECHNOLOGY,339,315,297
09X403,BRONX INTERNATIONAL HIGH SCHOOL,312,314,339
09X404,SCHOOL FOR EXCELLENCE,360,363,351
09X412,BRONX HIGH SCHOOL OF BUSINESS,376,356,351
09X413,BRONX HIGH SCHOOL FOR MEDICAL SCIENCE,419,400,402
09X414,JONATHAN LEVIN HIGH SCHOOL FOR MEDIA AND COMMUNICATIONS,364,379,379
09X505,"BRONX SCHOOL FOR LAW, GOVERNMENT AND JUSTICE",418,404,402
09X517,FREDERICK DOUGLASS ACADEMY III SECONDARY SCHOOL,384,368,369
09X525,BRONX LEADERSHIP ACADEMY HIGH SCHOOL,394,384,388
09X543,HIGH SCHOOL FOR VIOLIN AND DANCE,315,353,371
10X141,RIVERDALE / KINGSBRIDGE ACADEMY (MIDDLE SCHOOL / HIGH SCHOOL 141),455,438,440
10X213,BRONX ENGINEERING AND TECHNOLOGY ACADEMY,412,373,365
10X225,THEATRE ARTS PRODUCTION COMPANY SCHOOL,391,405,394
10X237,"THE MARIE CURIE SCHOOL FOR MEDICINE, NURSING, AND HEALTH PROFESSIONS",393,382,382
10X243,WEST BRONX ACADEMY FOR THE FUTURE,406,382,370
10X268,KINGSBRIDGE INTERNATIONAL HIGH SCHOOL,356,304,302
10X284,BRONX SCHOOL OF LAW AND FINANCE,395,402,385
10X319,PROVIDING URBAN LEARNERS SUCCESS IN EDUCATION HIGH SCHOOL,s,s,s
10X342,INTERNATIONAL SCHOOL FOR LIBERAL ARTS,333,300,301
10X368,INsTECH ACADEMY (M.S. / HIGH SCHOOL 368),408,390,383
10X374,KNOWLEDGE AND POWER PREPARATORY ACADEMY INTERNATIONAL HIGH SCHOOL (KAPPA),401,392,387
10X397,ENGLISH LANGUAGE LEARNERS AND INTERNATIONAL SUPPORT PREPARATORY ACADEMY (ELLIS),356,343,330
10X433,HIGH SCHOOL FOR TEACHING AND THE PROFESSIONS,371,370,365
10X434,BELMONT PREPARATORY HIGH SCHOOL,418,404,400
10X437,FORDHAM HIGH SCHOOL FOR THE ARTS,350,355,372
10X438,FORDHAM LEADERSHIP ACADEMY FOR BUSINESS AND TECHNOLOGY,385,367,367
10X439,BRONX HIGH SCHOOL FOR LAW AND COMMUNITY SERVICE,364,366,352
10X440,DEWITT CLINTON HIGH SCHOOL,426,419,410
10X442,"CELIA CRUZ BRONX HIGH SCHOOL OF MUSIC, THE",420,423,427
10X445,BRONX HIGH SCHOOL OF SCIENCE,688,632,649
10X475,JOHN F. KENNEDY HIGH SCHOOL,362,351,339
10X477,MARBLE HILL HIGH SCHOOL FOR INTERNATIONAL STUDIES,435,414,414
10X478,LEARNING TO WORK GED AT JOHN F. KENNEDY,s,s,s
10X546,BRONX THEATRE HIGH SCHOOL,362,348,354
10X549,DISCOVERY HIGH SCHOOL,379,372,364
10X660,GRACE DODGE CAREER AND TECHNICAL EDUCATION HIGH SCHOOL,382,362,356
10X667,GRACE DODGE YABC,356,350,317
10X696,HIGH SCHOOL OF AMERICAN STUDIES AT LEHMAN COLLEGE,648,636,636
11X249,BRONX HEALTH SCIENCES HIGH SCHOOL,381,370,382
11X253,BRONX HIGH SCHOOL FOR WRITING AND COMMUNICATION ARTS,357,400,390
11X265,BRONX LAB SCHOOL,391,377,367
11X270,ACADEMY FOR SCHOLARSHIP AND ENTREPRENEURSHIP: A COLLEGE BOARD SCHOOL,394,386,361
11X275,HIGH SCHOOL OF COMPUTERS AND TECHNOLOGY,376,381,354
11X288,COLLEGIATE INSTITUTE FOR MATH AND SCIENCE,471,444,433
11X290,BRONX ACADEMY OF HEALTH CAREERS,365,387,383
11X299,ASTOR COLLEGIATE ACADEMY,391,387,391
11X415,CHRISTOPHER COLUMBUS HIGH SCHOOL,361,367,353
11X417,YOUNG ADULT BOROUGH CNTR CHRISTOPHER COLUMBUS HS,s,s,s
11X418,BRONX HIGH SCHOOL FOR THE VISUAL ARTS,433,419,416
11X455,HARRY S TRUMAN HIGH SCHOOL,397,386,368
11X456,LEARNING TO WORK YABC AT TRUMAN HIGH SCHOOL,s,s,s
11X513,NEW WORLD HIGH SCHOOL,381,332,335
11X514,THE BRONXWOOD PREPARATORY ACADEMY,372,377,363
11X541,GLOBAL ENTERPRISE HIGH SCHOOL,382,372,375
11X542,PELHAM PREPARATORY ACADEMY,438,431,419
11X544,HIGH SCHOOL FOR CONTEMPORARY ARTS,378,383,365
11X545,BRONX AEROSPACE HIGH SCHOOL,393,388,382
12X245,NEW DAY ACADEMY,344,348,354
12X248,"METROPOLITAN HIGH SCHOOL, THE",367,347,341
12X251,EXPLORATIONS ACADEMY,381,381,360
12X262,PERFORMANCE CONSERVATORY HIGH SCHOOL,353,361,360
12X267,BRONX LATIN,432,408,411
12X271,EAST BRONX ACADEMY FOR THE FUTURE,378,366,358
12X278,PEACE AND DIVERSITY ACADEMY,401,390,364
12X388,PAN AMERICAN INTERNATIONAL HIGH SCHOOL AT MONROE,351,321,298
12X428,LEARNING TO WORK YABC AT MONROE ACADEMY,s,s,s
12X446,ARTURO A. SCHOMBURG SATELLITE ACADEMY BRONX,372,380,349
12X478,THE CINEMA SCHOOL,s,s,s
12X479,BRONX CAREER AND COLLEGE PREPARATORY HIGH SCHOOL,s,s,s
12X480,BRONX REGIONAL HIGH SCHOOL,385,398,398
12X550,HIGH SCHOOL OF WORLD CULTURES,323,304,312
12X682,FANNIE LOU HAMER FREEDOM HIGH SCHOOL,346,342,341
12X684,WINGS ACADEMY,374,378,362
12X690,MONROE ACADEMY FOR BUSINESS/LAW,387,375,376
12X692,MONROE ACADEMY FOR VISUAL ARTS & DESIGN,357,332,349
13K265,DR. SUSAN S. MCKINNEY SECONDARY SCHOOL OF THE ARTS,349,352,373
13K336,ACADEMY OF BUSINESS AND COMMUNITY DEVELOPMENT,374,439,418
13K350,URBAN ASSEMBLY HIGH SCHOOL OF MUSIC AND ART,364,360,356
13K412,"BROOKLYN COMMUNITY HIGH SCHOOL OF COMMUNICATION, ARTS AND MEDIA",355,375,384
13K419,"SCIENCE SKILLS CENTER HIGH SCHOOL FOR SCIENCE, TECHNOLOGY AND THE CREATIVE ARTS",417,399,395
13K430,BROOKLYN TECHNICAL HIGH SCHOOL,659,587,587
13K439,BROOKLYN INTERNATIONAL HIGH SCHOOL,364,305,312
13K483,THE URBAN ASSEMBLY SCHOOL FOR LAW AND JUSTICE,417,400,389
13K499,ACORN COMMUNITY HIGH SCHOOL,364,384,368
13K509,FREEDOM ACADEMY HIGH SCHOOL,390,400,403
13K527,URBAN ASSEMBLY INSTITUTE OF MATH AND SCIENCE FOR YOUNG WOMEN,s,s,s
13K553,BROOKLYN ACADEMY HIGH SCHOOL,383,435,379
13K575,BEDFORD STUYVESANT PREPARATORY HIGH SCHOOL,391,398,394
13K595,BEDFORD ACADEMY HIGH SCHOOL,443,438,431
13K605,GEORGE WESTINGHOUSE CAREER AND TECHNICAL EDUCATION HIGH SCHOOL,391,406,392
13K616,BROOKLYN HIGH SCHOOL FOR LEADERSHIP AND COMMUNITY SERVICE,s,s,s
13K670,BENJAMIN BANNEKER ACADEMY,472,471,448
13K674,"CITY POLYTECHNIC HIGH SCHOOL OF ENGINEERING, ARCHITECTURE, AND TECHNOLOGY",499,441,413
14K071,JUAN MOREL CAMPOS SECONDARY SCHOOL,361,365,359
14K322,FOUNDATIONS ACADEMY,s,s,s
14K404,ACADEMY FOR YOUNG WRITERS,357,387,381
14K449,"BROOKLYN LATIN SCHOOL, THE",584,586,570
14K454,GREEN SCHOOL: AN ACADEMY FOR ENVIRONMENTAL CAREERS,386,407,396
14K474,PROGRESS HIGH SCHOOL FOR PROFESSIONAL CAREERS,379,364,371
14K477,SCHOOL FOR LEGAL STUDIES,396,413,395
14K478,"THE HIGH SCHOOL FOR ENTERPRISE, BUSINESS AND TECHNOLOGY",421,398,396
14K488,BROOKLYN PREPARATORY HIGH SCHOOL,373,367,350
14K558,WILLIAMSBURG HIGH SCHOOL FOR ARCHITECTURE AND DESIGN,385,363,364
14K561,WILLIAMSBURG PREPARATORY SCHOOL,410,397,380
14K586,LYONS COMMUNITY SCHOOL,377,371,355
14K610,AUTOMOTIVE HIGH SCHOOL,376,367,350
14K632,FRANCES PERKINS ACADEMY,372,382,368
14K685,EL PUENTE ACADEMY FOR PEACE AND JUSTICE,335,359,341
14K923,AUTOMOTIVE HIGH SCHOOL YABC,s,s,s
15K429,BROOKLYN SCHOOL FOR GLOBAL STUDIES,367,361,383
15K448,BROOKLYN SECONDARY SCHOOL FOR COLLABORATIVE STUDIES,399,393,387
15K462,SECONDARY SCHOOL FOR LAW,411,398,394
15K463,SECONDARY SCHOOL FOR JOURNALISM,391,397,381
15K464,PARK SLOPE COLLEGIATE,416,379,380
15K497,SCHOOL FOR INTERNATIONAL STUDIES,415,405,392
15K519,COBBLE HILL SCHOOL OF AMERICAN STUDIES,402,398,385
15K520,PACIFIC HIGH SCHOOL,341,352,300
15K529,WEST BROOKLYN COMMUNITY HIGH SCHOOL,s,s,s
15K530,METROPOLITAN CORPORATE ACADEMY HIGH SCHOOL,365,368,368
15K656,BROOKLYN HIGH SCHOOL OF THE ARTS,421,426,411
15K667,SUNSET PARK HIGH SCHOOL,s,s,s
15K698,SOUTH BROOKLYN COMMUNITY HIGH SCHOOL,416,430,425
16K393,FREDERICK DOUGLASS ACADEMY IV SECONDARY SCHOOL,355,355,358
16K455,BOYS AND GIRLS HIGH SCHOOL,370,365,362
16K498,BROOKLYN HIGH SCHOOL FOR LAW AND TECHNOLOGY,372,362,358
16K594,GOTHAM PROFESSIONAL ARTS ACADEMY,372,370,351
16K688,THE BROOKLYN ACADEMY OF GLOBAL FINANCE,s,s,s
17K382,ACADEMY FOR COLLEGE PREPARATION AND CAREER EXPLORATION: A COLLEGE BOARD SCHOOL,374,396,369
17K408,ACADEMY OF HOSPITALITY AND TOURISM,342,352,351
17K467,ERASMUS YABC,s,s,s
17K489,W.E.B. DUBOIS ACADEMIC HIGH SCHOOL,364,394,334
17K524,INTERNATIONAL HIGH SCHOOL AT PROSPECT HEIGHTS,335,287,291
17K528,THE HIGH SCHOOL FOR GLOBAL CITIZENSHIP,385,403,388
17K531,"SCHOOL FOR HUMAN RIGHTS, THE",381,348,359
17K533,SCHOOL FOR DEMOCRACY AND LEADERSHIP,404,377,372
17K537,HIGH SCHOOL FOR YOUTH AND COMMUNITY DEVELOPMENT AT ERASMUS,349,338,340
17K539,HIGH SCHOOL FOR SERVICE & LEARNING AT ERASMUS,375,362,368
17K543,"SCIENCE, TECHNOLOGY AND RESEARCH EARLY COLLEGE HIGH SCHOOL AT ERASMUS",462,457,441
17K544,INTERNATIONAL ARTS BUSINESS SCHOOL,391,386,369
17K546,HIGH SCHOOL FOR PUBLIC SERVICE: HEROES OF TOMORROW,441,418,414
17K547,BROOKLYN ACADEMY OF SCIENCE AND THE ENVIRONMENT,382,388,373
17K548,BROOKLYN SCHOOL FOR MUSIC & THEATRE,393,385,373
17K568,BROWNSVILLE ACADEMY HIGH SCHOOL,356,372,335
17K590,MEDGAR EVERS COLLEGE PREPARATORY SCHOOL,481,476,479
17K600,CLARA BARTON HIGH SCHOOL,413,425,413
17K625,PAUL ROBESON HIGH SCHOOL,363,365,355
17K751,ACADEMY FOR HEALTH CAREERS,s,s,s
18K563,IT TAKES A VILLAGE ACADEMY,320,313,330
18K566,BROOKLYN GENERATION SCHOOL,377,374,394
18K567,BROOKLYN THEATRE ARTS HIGH SCHOOL,358,383,377
18K569,KURT HAHN EXPEDITIONARY LEARNING SCHOOL,378,368,346
18K576,VICTORY COLLEGIATE HIGH SCHOOL,377,387,379
18K578,BROOKLYN BRIDGE ACADEMY,362,384,351
18K589,ARTS & MEDIA PREPARATORY ACADEMY,360,361,359
18K617,HIGH SCHOOL FOR INNOVATION IN ADVERTISING AND MEDIA,393,404,386
18K629,CULTURAL ACADEMY FOR THE ARTS AND SCIENCES,395,393,381
18K633,HIGH SCHOOL FOR MEDICAL PROFESSIONS,380,386,393
18K635,OLYMPUS ACADEMY,370,400,370
18K637,ACADEMY FOR CONSERVATION AND THE ENVIRONMENT,381,363,367
18K642,URBAN ACTION ACADEMY,385,376,374
18K673,EAST BROOKLYN COMMUNITY HIGH SCHOOL,403,410,378
19K409,EAST NEW YORK FAMILY ACADEMY,432,416,394
19K420,FRANKLIN K. LANE HIGH SCHOOL,s,s,s
19K431,THOMAS JEFFERSON YABC,s,s,s
19K502,FDNY HIGH SCHOOL FOR FIRE AND LIFE SAFETY,349,341,333
19K504,HIGH SCHOOL FOR CIVIL RIGHTS,349,363,342
19K507,PERFORMING ARTS AND TECHNOLOGY HIGH SCHOOL,386,380,383
19K507,PERFORMING ARTS AND TECHNOLOGY HIGH SCHOOL,386,380,383
19K510,WORLD ACADEMY FOR TOTAL COMMUNITY HEALTH HIGH SCHOOL,365,371,370
19K583,MULTICULTURAL HIGH SCHOOL,322,279,286
19K615,TRANSIT TECH CAREER AND TECHNICAL EDUCATION HIGH SCHOOL,418,395,380
19K618,ACADEMY OF INNOVATIVE TECHNOLOGY,371,371,354
19K639,BROOKLYN LAB SCHOOL,385,360,363
19K659,CYPRESS HILLS COLLEGIATE PREPARATORY SCHOOL,385,376,368
19K660,W. H. MAXWELL CAREER AND TECHNICAL EDUCATION HIGH SCHOOL,369,370,363
19K683,"THE SCHOOL FOR CLASSICS: AN ACADEMY OF THINKERS, WRITERS AND PERFORMERS",400,383,374
20K445,NEW UTRECHT HIGH SCHOOL,471,402,399
20K485,HIGH SCHOOL OF TELECOMMUNICATION ARTS AND TECHNOLOGY,474,425,424
20K490,FORT HAMILTON HIGH SCHOOL,478,417,411
20K505,FRANKLIN DELANO ROOSEVELT HIGH SCHOOL,486,383,375
20K609,THE URBAN ASSEMBLY SCHOOL FOR CRIMINAL JUSTICE,s,s,s
20K658,FRANKLIN DELANO ROOSEVELT YABC,477,338,316
21K337,INTERNATIONAL HIGH SCHOOL AT LAFAYETTE,386,326,314
21K344,RACHEL CARSON HIGH SCHOOL FOR COASTAL STUDIES,427,402,408
21K348,HIGH SCHOOL OF SPORTS MANAGEMENT,398,388,378
21K410,ABRAHAM LINCOLN HIGH SCHOOL,437,396,393
21K412/21K411,ABRAHAM LINCOLN YABC/LEARNING TO WORK GED AT ABRAHAM LINCOLN,s,s,s
21K468,KINGSBOROUGH EARLY COLLEGE SCHOOL,s,s,s
21K525,EDWARD R. MURROW HIGH SCHOOL,496,468,467
21K540,JOHN DEWEY HIGH SCHOOL,468,404,390
21K559,LIFE ACADEMY HIGH SCHOOL FOR FILM AND MUSIC,375,384,365
21K572,EXPEDITIONARY LEARNING SCHOOL FOR COMMUNITY LEADERS,370,353,356
21K620,WILLIAM E. GRADY CAREER AND TECHNICAL EDUCATION HIGH SCHOOL,414,394,376
21K690,BROOKLYN STUDIO SECONDARY SCHOOL,449,429,435
21K728,LIBERATION DIPLOMA PLUS,369,411,373
22K405,MIDWOOD HIGH SCHOOL,519,478,476
22K425,JAMES MADISON HIGH SCHOOL,475,436,439
22K495,SHEEPSHEAD BAY HIGH SCHOOL,392,383,370
22K535,LEON M. GOLDSTEIN HIGH SCHOOL FOR THE SCIENCES,561,524,542
22K555,BROOKLYN COLLEGE ACADEMY,456,456,440
23K493,BROOKLYN COLLEGIATE: A COLLEGE BOARD SCHOOL,409,389,387
23K514,FREDERICK DOUGLASS ACADEMY VII HIGH SCHOOL,371,361,359
23K643,BROOKLYN DEMOCRACY ACADEMY,338,349,331
23K646,ASPIRATIONS DIPLOMA PLUS HIGH SCHOOL,371,311,311
23K647,METROPOLITAN DIPLOMA PLUS HIGH SCHOOL,346,350,332
23K697,TEACHERS PREPARATORY HIGH SCHOOL,416,392,388
24Q264,ACADEMY OF FINANCE AND ENTERPRISE,454,405,421
24Q267,HIGH SCHOOL OF APPLIED COMMUNICATION,413,406,400
24Q267,HIGH SCHOOL OF APPLIED COMMUNICATION,413,406,400
24Q293,CIVIC LEADERSHIP ACADEMY,429,404,407
24Q296,PAN AMERICAN INTERNATIONAL HIGH SCHOOL,323,317,311
24Q299,BARD HIGH SCHOOL EARLY COLLEGE II,568,545,550
24Q455,NEWTOWN HIGH SCHOOL,440,383,380
24Q457,YOUNG ADULT BOROUGH CENTER AT ARTS AND BUSINESS HS,s,s,s
24Q485,GROVER CLEVELAND HIGH SCHOOL,420,395,396
24Q520,MIDDLE COLLEGE HIGH SCHOOL AT LAGUARDIA COMMUNITY COLLEGE,393,399,385
24Q530,INTERNATIONAL HIGH SCHOOL AT LAGUARDIA COMMUNITY COLLEGE,409,326,329
24Q550,HIGH SCHOOL FOR ARTS AND BUSINESS,403,391,380
24Q560,"ROBERT F. WAGNER, JR. SECONDARY SCHOOL FOR ARTS AND TECHNOLOGY",447,443,440
24Q600,QUEENS VOCATIONAL AND TECHNICAL HIGH SCHOOL,447,417,406
24Q610,AVIATION CAREER & TECHNICAL EDUCATION HIGH SCHOOL,496,445,423
24Q744,VOYAGES PREPARATORY,s,s,s
25Q252,"QUEENS SCHOOL OF INQUIRY, THE",498,455,443
25Q263,FLUSHING INTERNATIONAL HIGH SCHOOL,417,314,318
25Q281,EASTsWEST SCHOOL OF INTERNATIONAL STUDIES,463,416,392
25Q285,WORLD JOURNALISM PREPARATORY: A COLLEGE BOARD SCHOOL,489,471,481
25Q425,JOHN BOWNE HIGH SCHOOL,451,397,395
25Q460,FLUSHING HIGH SCHOOL,441,393,382
25Q467,FLUSHING YABC,373,378,344
25Q525,TOWNSEND HARRIS HIGH SCHOOL,651,621,638
25Q540,QUEENS ACADEMY HIGH SCHOOL,382,398,388
25Q670,ROBERT F. KENNEDY COMMUNITY HIGH SCHOOL,458,431,441
25Q792,NORTH QUEENS COMMUNITY HIGH SCHOOL,421,379,377
26Q415,BENJAMIN N. CARDOZO HIGH SCHOOL,545,480,489
26Q430,FRANCIS LEWIS HIGH SCHOOL,539,468,467
26Q435,MARTIN VAN BUREN HIGH SCHOOL,397,391,384
26Q495,BAYSIDE HIGH SCHOOL,523,462,464
26Q566,"QUEENS HIGH SCHOOL OF TEACHING, LIBERAL ARTS AND THE SCIENCES",434,425,420
27Q260,FREDERICK DOUGLASS ACADEMY VI HIGH SCHOOL,385,387,373
27Q262,CHANNEL VIEW SCHOOL FOR RESEARCH,419,432,401
27Q302,"QUEENS HIGH SCHOOL FOR INFORMATION, RESEARCH, AND TECHNOLOGY",401,391,364
27Q308,ROBERT H. GODDARD HIGH SCHOOL OF COMMUNICATION ARTS AND TECHNOLOGY,426,423,416
27Q309,ACADEMY OF MEDICAL TECHNOLOGY: A COLLEGE BOARD SCHOOL,379,367,348
27Q323,SCHOLARS' ACADEMY,537,499,496
27Q400,AUGUST MARTIN HIGH SCHOOL,371,377,360
27Q400,AUGUST MARTIN HIGH SCHOOL,371,377,360
27Q410,BEACH CHANNEL HIGH SCHOOL,396,384,354
27Q475,RICHMOND HILL HIGH SCHOOL,404,382,368
27Q480,JOHN ADAMS HIGH SCHOOL,409,391,392
27Q650,"HIGH SCHOOL FOR CONSTRUCTION TRADES, ENGINEERING AND ARCHITECTURE",491,429,425
28Q284,YORK EARLY COLLEGE ACADEMY,s,s,s
28Q310,QUEENS COLLEGIATE: A COLLEGE BOARD SCHOOL,445,420,400
28Q325,HILLSIDE ARTS & LETTERS ACADEMY,s,s,s
28Q338,QUEENS SATELLITE HIGH SCHOOL FOR OPPORTUNITY,408,403,367
28Q350,JAMAICA GATEWAY TO THE SCIENCES,452,430,425
28Q440,FOREST HILLS HIGH SCHOOL,497,456,454
28Q470,JAMAICA HIGH SCHOOL,368,342,353
28Q505,HILLCREST HIGH SCHOOL,413,395,386
28Q620,THOMAS A. EDISON CAREER AND TECHNICAL EDUCATION HIGH SCHOOL,478,452,442
28Q680,QUEENS GATEWAY TO HEALTH SCIENCES SECONDARY SCHOOL,523,513,502
28Q686,QUEENS METROPOLITAN HIGH SCHOOL,s,s,s
28Q687,QUEENS HIGH SCHOOL FOR THE SCIENCES AT YORK COLLEGE,660,612,596
28Q690,HIGH SCHOOL FOR LAW ENFORCEMENT AND PUBLIC SAFETY,406,406,384
28Q896,"YOUNG WOMEN'S LEADERSHIP SCHOOL, QUEENS",445,439,432
29Q248,QUEENS PREPARATORY ACADEMY,380,360,359
29Q259,PATHWAYS COLLEGE PREPARATORY SCHOOL: A COLLEGE BOARD SCHOOL,397,401,375
29Q265,EXCELSIOR PREPARATORY HIGH SCHOOL,398,402,402
29Q272,GEORGE WASHINGTON CARVER HIGH SCHOOL FOR THE SCIENCES,427,436,424
29Q283,PREPARATORY ACADEMY FOR WRITERS: A COLLEGE BOARD SCHOOL,367,370,363
29Q326,CAMBRIA HEIGHTS ACADEMY,s,s,s
29Q492,"MATHEMATICS, SCIENCE RESEARCH AND TECHNOLOGY MAGNET HIGH SCHOOL",426,400,394
29Q494,"LAW, GOVERNMENT AND COMMUNITY SERVICE HIGH SCHOOL",377,385,377
29Q496,"BUSINESS, COMPUTER APPLICATIONS & ENTREPRENEURSHIP HIGH SCHOOL",414,379,359
29Q498,HUMANITIES & ARTS MAGNET HIGH SCHOOL,381,393,377
30Q286,"YOUNG WOMEN'S LEADERSHIP SCHOOL, ASTORIA",s,s,s
30Q301,ACADEMY FOR CAREERS IN TELEVISION AND FILM,440,410,405
30Q445,WILLIAM CULLEN BRYANT HIGH SCHOOL,449,414,412
30Q450,LONG ISLAND CITY HIGH SCHOOL,420,403,395
30Q501,FRANK SINATRA SCHOOL OF THE ARTS HIGH SCHOOL,496,504,494
30Q502,INFORMATION TECHNOLOGY HIGH SCHOOL,434,407,398
30Q502,INFORMATION TECHNOLOGY HIGH SCHOOL,434,407,398
30Q555,NEWCOMERS HIGH SCHOOL,475,323,329
30Q575,ACADEMY OF AMERICAN STUDIES,492,487,491
30Q580,BACCALAUREATE SCHOOL FOR GLOBAL EDUCATION,568,524,544
31R047,CSI HIGH SCHOOL FOR INTERNATIONAL STUDIES,451,452,450
31R064,GAYNOR MCCOWN EXPEDITIONARY LEARNING SCHOOL,412,398,385
31R080,THE MICHAEL J. PETRIDES SCHOOL,488,472,466
31R080,THE MICHAEL J. PETRIDES SCHOOL,488,472,466
31R440,NEW DORP HIGH SCHOOL,437,424,416
31R445,PORT RICHMOND HIGH SCHOOL,438,424,417
31R450,CURTIS HIGH SCHOOL,435,437,429
31R455,TOTTENVILLE HIGH SCHOOL,486,462,470
31R460,SUSAN E. WAGNER HIGH SCHOOL,474,455,459
31R470,CONCORD HIGH SCHOOL,455,466,414
31R600,RALPH R. MCKEE CAREER AND TECHNICAL EDUCATION HIGH SCHOOL,422,416,397
31R605,STATEN ISLAND TECHNICAL HIGH SCHOOL,682,635,636
31R607,YOUNG ADULT BOROUGH CENTER AT STATEN IS TECH HS,375,405,370
32K403,ACADEMY FOR ENVIRONMENTAL LEADERSHIP,366,380,352
32K545,EBC HIGH SCHOOL FOR PUBLIC SERVICEâ€“BUSHWICK,409,384,361
32K549,BUSHWICK SCHOOL FOR SOCIAL JUSTICE,353,348,334
32K552,ACADEMY OF URBAN PLANNING,364,342,354
32K554,ALL CITY LEADERSHIP SECONDARY SCHOOL,465,428,422
32K556,BUSHWICK LEADERS HIGH SCHOOL FOR ACADEMIC EXCELLENCE,358,347,350
32K564,BUSHWICK COMMUNITY HIGH SCHOOL,317,359,358
75K371,P.S. 371 s LILLIAN L. RASHKIS,s,s,s
75M035,P.S. 035,s,s,s
75Q256,P.S. Q256,s,s,s
75Q811,P.S. Q811,444,429,433
75R025,SOUTH RICHMOND HIGH SCHOOL I.S./P.S. 25,s,s,s
75X012,P.S. X012 LEWIS AND CLARK SCHOOL,s,s,s
75X754,J. M. RAPPORT SCHOOL CAREER DEVELOPMENT,s,s,s
79M645,SCHOOL FOR COOPERATIVE TECHNICAL EDUCATION,s,s,s
79Q950,GED PLUS s CITYWIDE,400,496,426
79X490,PHOENIX ACADEMY,370,367,360
79X490,PHOENIX ACADEMY,370,367,360